element_id,node0_id,node1_id,node2_id
0,2,59,61
1,18,60,59
2,20,61,60
3,59,60,61
4,16,62,64
5,19,63,62
6,18,64,63
7,62,63,64
8,9,65,67
9,20,66,65
10,19,67,66
11,65,66,67
12,18,63,60
13,19,66,63
14,20,60,66
15,63,66,60
16,4,68,70
17,21,69,68
18,23,70,69
19,68,69,70
20,7,71,73
21,22,72,71
22,21,73,72
23,71,72,73
24,3,74,76
25,23,75,74
26,22,76,75
27,74,75,76
28,21,72,69
29,22,75,72
30,23,69,75
31,72,75,69
32,6,77,79
33,24,78,77
34,26,79,78
35,77,78,79
36,12,80,82
37,25,81,80
38,24,82,81
39,80,81,82
40,13,83,85
41,26,84,83
42,25,85,84
43,83,84,85
44,24,81,78
45,25,84,81
46,26,78,84
47,81,84,78
48,6,86,88
49,27,87,86
50,29,88,87
51,86,87,88
52,1,89,91
53,28,90,89
54,27,91,90
55,89,90,91
56,8,92,94
57,29,93,92
58,28,94,93
59,92,93,94
60,27,90,87
61,28,93,90
62,29,87,93
63,90,93,87
64,2,95,59
65,30,96,95
66,18,59,96
67,95,96,59
68,10,97,99
69,31,98,97
70,30,99,98
71,97,98,99
72,16,64,101
73,18,100,64
74,31,101,100
75,64,100,101
76,30,98,96
77,31,100,98
78,18,96,100
79,98,100,96
80,17,102,104
81,32,103,102
82,34,104,103
83,102,103,104
84,11,105,107
85,33,106,105
86,32,107,106
87,105,106,107
88,0,108,110
89,34,109,108
90,33,110,109
91,108,109,110
92,32,106,103
93,33,109,106
94,34,103,109
95,106,109,103
96,9,67,112
97,19,111,67
98,36,112,111
99,67,111,112
100,16,113,62
101,35,114,113
102,19,62,114
103,113,114,62
104,1,115,117
105,36,116,115
106,35,117,116
107,115,116,117
108,19,114,111
109,35,116,114
110,36,111,116
111,114,116,111
112,14,118,120
113,37,119,118
114,39,120,119
115,118,119,120
116,4,121,123
117,38,122,121
118,37,123,122
119,121,122,123
120,5,124,126
121,39,125,124
122,38,126,125
123,124,125,126
124,37,122,119
125,38,125,122
126,39,119,125
127,122,125,119
128,7,127,71
129,40,128,127
130,22,71,128
131,127,128,71
132,12,129,131
133,41,130,129
134,40,131,130
135,129,130,131
136,3,76,133
137,22,132,76
138,41,133,132
139,76,132,133
140,40,130,128
141,41,132,130
142,22,128,132
143,130,132,128
144,0,134,136
145,42,135,134
146,43,136,135
147,134,135,136
148,6,79,138
149,26,137,79
150,42,138,137
151,79,137,138
152,13,139,83
153,43,140,139
154,26,83,140
155,139,140,83
156,42,137,135
157,26,140,137
158,43,135,140
159,137,140,135
160,8,141,143
161,44,142,141
162,46,143,142
163,141,142,143
164,16,144,146
165,45,145,144
166,44,146,145
167,144,145,146
168,3,147,149
169,46,148,147
170,45,149,148
171,147,148,149
172,44,145,142
173,45,148,145
174,46,142,148
175,145,148,142
176,8,143,151
177,46,150,143
178,47,151,150
179,143,150,151
180,3,133,147
181,41,152,133
182,46,147,152
183,133,152,147
184,12,153,129
185,47,154,153
186,41,129,154
187,153,154,129
188,46,152,150
189,41,154,152
190,47,150,154
191,152,154,150
192,4,123,68
193,37,155,123
194,21,68,155
195,123,155,68
196,14,156,118
197,48,157,156
198,37,118,157
199,156,157,118
200,7,73,159
201,21,158,73
202,48,159,158
203,73,158,159
204,37,157,155
205,48,158,157
206,21,155,158
207,157,158,155
208,15,160,162
209,49,161,160
210,50,162,161
211,160,161,162
212,13,85,164
213,25,163,85
214,49,164,163
215,85,163,164
216,12,165,80
217,50,166,165
218,25,80,166
219,165,166,80
220,49,163,161
221,25,166,163
222,50,161,166
223,163,166,161
224,8,151,92
225,47,167,151
226,29,92,167
227,151,167,92
228,12,82,153
229,24,168,82
230,47,153,168
231,82,168,153
232,6,88,77
233,29,169,88
234,24,77,169
235,88,169,77
236,47,168,167
237,24,169,168
238,29,167,169
239,168,169,167
240,12,131,165
241,40,170,131
242,50,165,170
243,131,170,165
244,7,171,127
245,51,172,171
246,40,127,172
247,171,172,127
248,15,162,174
249,50,173,162
250,51,174,173
251,162,173,174
252,40,172,170
253,51,173,172
254,50,170,173
255,172,173,170
256,5,175,124
257,52,176,175
258,39,124,176
259,175,176,124
260,11,177,179
261,53,178,177
262,52,179,178
263,177,178,179
264,14,120,181
265,39,180,120
266,53,181,180
267,120,180,181
268,52,178,176
269,53,180,178
270,39,176,180
271,178,180,176
272,11,107,183
273,32,182,107
274,55,183,182
275,107,182,183
276,17,184,102
277,54,185,184
278,32,102,185
279,184,185,102
280,15,186,188
281,55,187,186
282,54,188,187
283,186,187,188
284,32,185,182
285,54,187,185
286,55,182,187
287,185,187,182
288,7,159,171
289,48,189,159
290,51,171,189
291,159,189,171
292,14,190,156
293,56,191,190
294,48,156,191
295,190,191,156
296,15,174,193
297,51,192,174
298,56,193,192
299,174,192,193
300,48,191,189
301,56,192,191
302,51,189,192
303,191,192,189
304,11,183,177
305,55,194,183
306,53,177,194
307,183,194,177
308,15,193,186
309,56,195,193
310,55,186,195
311,193,195,186
312,14,181,190
313,53,196,181
314,56,190,196
315,181,196,190
316,55,195,194
317,56,196,195
318,53,194,196
319,195,196,194
320,3,149,198
321,45,197,149
322,57,198,197
323,149,197,198
324,16,101,144
325,31,199,101
326,45,144,199
327,101,199,144
328,10,200,97
329,57,201,200
330,31,97,201
331,200,201,97
332,45,199,197
333,31,201,199
334,57,197,201
335,199,201,197
336,1,117,89
337,35,202,117
338,28,89,202
339,117,202,89
340,16,146,113
341,44,203,146
342,35,113,203
343,146,203,113
344,8,94,141
345,28,204,94
346,44,141,204
347,94,204,141
348,35,203,202
349,44,204,203
350,28,202,204
351,203,204,202
352,0,136,108
353,43,205,136
354,34,108,205
355,136,205,108
356,13,206,139
357,58,207,206
358,43,139,207
359,206,207,139
360,17,104,209
361,34,208,104
362,58,209,208
363,104,208,209
364,43,207,205
365,58,208,207
366,34,205,208
367,207,208,205
368,15,188,160
369,54,210,188
370,49,160,210
371,188,210,160
372,17,209,184
373,58,211,209
374,54,184,211
375,209,211,184
376,13,164,206
377,49,212,164
378,58,206,212
379,164,212,206
380,54,211,210
381,58,212,211
382,49,210,212
383,211,212,210
